[
    {"_id":{"$oid":"5c8264790ba555001448f44f"},"opening_hours":["Monday: 11:00 AM – 3:00 PM","Tuesday: 11:00 AM – 3:00 PM","Wednesday: 11:00 AM – 3:00 PM","Thursday: 11:00 AM – 3:00 PM","Friday: 11:00 AM – 3:00 PM","Saturday: Closed","Sunday: Closed"],"address":"Repslagargatan 8, 118 46 Stockholm, Sweden","phone_number":"08-641 20 77","location":{"lat":59.31781179999999,"lng":18.0701277},"icon":"https://maps.gstatic.com/mapfiles/place_api/icons/restaurant-71.png","name":"Tamarindo","price_level":1,"rating":4.4,"google_maps_url":"https://maps.google.com/?cid=9369167126300605621","website":"http://www.tamarindo.se/","photo":"https://cdn.pixabay.com/photo/2016/11/18/22/21/architecture-1837150_1280.jpg","id":0,"__v":0},
    {"_id":{"$oid":"5c8264790ba555001448f450"},"opening_hours":["Monday: 8:00 AM – 9:00 PM","Tuesday: 8:00 AM – 9:00 PM","Wednesday: 8:00 AM – 9:00 PM","Thursday: 8:00 AM – 9:00 PM","Friday: 8:00 AM – 9:00 PM","Saturday: 9:00 AM – 9:00 PM","Sunday: 9:00 AM – 9:00 PM"],"address":"Brännkyrkagatan 62, 118 23 Stockholm, Sweden","phone_number":"08-613 36 00","location":{"lat":59.318825,"lng":18.0561621},"icon":"https://maps.gstatic.com/mapfiles/place_api/icons/shopping-71.png","name":"Paradiset Södermalm","rating":4.2,"google_maps_url":"https://maps.google.com/?cid=11539250592858637665","website":"http://www.paradiset.com/","photo":"https://cdn.pixabay.com/photo/2018/07/14/15/27/cafe-3537801_1280.jpg","id":1,"__v":0},
    {"_id":{"$oid":"5c8264790ba555001448f451"},"opening_hours":["Monday: 11:00 AM – 8:00 PM","Tuesday: 11:00 AM – 8:00 PM","Wednesday: 11:00 AM – 8:00 PM","Thursday: 11:00 AM – 8:00 PM","Friday: 11:00 AM – 8:00 PM","Saturday: 12:00 – 8:00 PM","Sunday: 12:00 – 8:00 PM"],"address":"Bällstavägen 36, 168 65 Bromma, Sweden","phone_number":"070-733 11 28","location":{"lat":59.36073769999999,"lng":17.9548819},"icon":"https://maps.gstatic.com/mapfiles/place_api/icons/restaurant-71.png","name":"Bun Meat Bun","price_level":2,"rating":4.3,"google_maps_url":"https://maps.google.com/?cid=106830997729029427","website":"http://www.bunmeatbun.se/","photo":"https://cdn.pixabay.com/photo/2018/07/14/15/27/cafe-3537801_1280.jpg","id":2,"__v":0},
    {"_id":{"$oid":"5c8264790ba555001448f452"},"opening_hours":["Monday: 11:00 AM – 9:00 PM","Tuesday: 11:00 AM – 9:00 PM","Wednesday: 11:00 AM – 9:00 PM","Thursday: 11:00 AM – 9:00 PM","Friday: 11:00 AM – 9:00 PM","Saturday: 11:00 AM – 9:00 PM","Sunday: 11:00 AM – 9:00 PM"],"address":"Hornstulls strand 6, 117 39 Stockholm, Sweden","phone_number":"08-84 42 85","location":{"lat":59.3133916,"lng":18.0330903},"icon":"https://maps.gstatic.com/mapfiles/place_api/icons/restaurant-71.png","name":"Loopen","rating":4,"google_maps_url":"https://maps.google.com/?cid=3423128986776255378","website":"http://loopen.se/","photo":"https://cdn.pixabay.com/photo/2017/08/30/17/25/restaurant-2697945_1280.jpg","id":3,"__v":0},
    {"_id":{"$oid":"5c8264790ba555001448f453"},"opening_hours":["Monday: 11:30 AM – 2:00 PM","Tuesday: 11:30 AM – 2:00 PM, 5:00 – 11:00 PM","Wednesday: 11:30 AM – 2:00 PM, 5:00 – 11:00 PM","Thursday: 11:30 AM – 2:00 PM, 5:00 – 11:00 PM","Friday: 11:30 AM – 2:00 PM, 5:00 – 11:00 PM","Saturday: 5:00 – 11:00 PM","Sunday: Closed"],"address":"Tjärhovsgatan 5, 116 21 Stockholm, Sweden","phone_number":"08-33 03 88","location":{"lat":59.31526739999999,"lng":18.0765177},"icon":"https://maps.gstatic.com/mapfiles/place_api/icons/restaurant-71.png","name":"Madam 마담","rating":4.3,"google_maps_url":"https://maps.google.com/?cid=6186057809588508498","website":"http://madamsthlm.se/","photo":"https://cdn.pixabay.com/photo/2016/11/18/15/53/breakfast-1835478_1280.jpg","id":4,"__v":0},
    {"_id":{"$oid":"5c8264790ba555001448f454"},"opening_hours":["Monday: 11:00 AM – 12:00 AM","Tuesday: 11:00 AM – 12:00 AM","Wednesday: 11:00 AM – 12:00 AM","Thursday: 11:00 AM – 12:00 AM","Friday: 11:00 AM – 12:00 AM","Saturday: 12:00 PM – 12:00 AM","Sunday: 12:00 PM – 12:00 AM"],"address":"116 25 Stockholm, Sweden","phone_number":"08-640 80 83","location":{"lat":59.3155162,"lng":18.073553},"icon":"https://maps.gstatic.com/mapfiles/place_api/icons/restaurant-71.png","name":"Babylon","price_level":2,"rating":3.8,"google_maps_url":"https://maps.google.com/?cid=14237525037946153707","photo":"https://cdn.pixabay.com/photo/2015/03/26/10/07/restaurant-690975_1280.jpg","id":5,"__v":0},
    {"_id":{"$oid":"5c8264790ba555001448f455"},"opening_hours":["Monday: 11:00 AM – 10:00 PM","Tuesday: 11:00 AM – 10:00 PM","Wednesday: 11:00 AM – 10:00 PM","Thursday: 11:00 AM – 10:00 PM","Friday: 11:00 AM – 12:00 AM","Saturday: 12:00 – 11:00 PM","Sunday: 12:00 – 9:00 PM"],"address":"Bysistorget 4, 118 21 Stockholm, Sweden","phone_number":"08-10 00 03","location":{"lat":59.3184579,"lng":18.0563148},"icon":"https://maps.gstatic.com/mapfiles/place_api/icons/restaurant-71.png","name":"Barrels Burgers \u0026 Beer","rating":4.1,"google_maps_url":"https://maps.google.com/?cid=15296992169215013586","website":"http://barrels.se/","photo":"https://cdn.pixabay.com/photo/2016/11/18/22/21/architecture-1837150_1280.jpg","id":6,"__v":0},
    {"_id":{"$oid":"5c8264790ba555001448f456"},"opening_hours":["Monday: 11:00 AM – 9:00 PM","Tuesday: 11:00 AM – 9:00 PM","Wednesday: 11:00 AM – 9:00 PM","Thursday: 11:00 AM – 9:00 PM","Friday: 11:00 AM – 9:00 PM","Saturday: 12:00 – 8:00 PM","Sunday: Closed"],"address":"Blecktornsgränd 8, 118 24 Stockholm, Sweden","phone_number":"070-452 06 38","location":{"lat":59.31981279999999,"lng":18.0625521},"icon":"https://maps.gstatic.com/mapfiles/place_api/icons/restaurant-71.png","name":"A Bowl Poke Poke","price_level":2,"rating":4.7,"google_maps_url":"https://maps.google.com/?cid=2226110701748628927","website":"http://www.abowlpokepoke.com/","photo":"https://cdn.pixabay.com/photo/2017/01/26/02/06/platter-2009590_1280.jpg","id":7,"__v":0},
    {"_id":{"$oid":"5c8264790ba555001448f457"},"opening_hours":["Monday: Closed","Tuesday: 4:00 – 9:00 PM","Wednesday: 12:00 – 9:00 PM","Thursday: 12:00 – 9:00 PM","Friday: 12:00 – 11:00 PM","Saturday: 12:00 – 11:00 PM","Sunday: 12:00 – 8:00 PM"],"address":"Skånegatan 87, 116 35 Stockholm, Sweden","phone_number":"08-642 20 60","location":{"lat":59.3130688,"lng":18.0844272},"icon":"https://maps.gstatic.com/mapfiles/place_api/icons/restaurant-71.png","name":"FLFL","rating":3.9,"google_maps_url":"https://maps.google.com/?cid=7846619336429231074","website":"http://www.flfl.se/","photo":"https://cdn.pixabay.com/photo/2015/03/26/10/07/restaurant-690975_1280.jpg","id":8,"__v":0},
    {"_id":{"$oid":"5c8264790ba555001448f459"},"opening_hours":["Monday: 10:00 AM – 8:00 PM","Tuesday: 10:00 AM – 8:00 PM","Wednesday: 10:00 AM – 8:00 PM","Thursday: 10:00 AM – 8:00 PM","Friday: 10:00 AM – 9:00 PM","Saturday: 10:00 AM – 9:00 PM","Sunday: 11:00 AM – 8:00 PM"],"address":"Medborgarplatsen 3, 118 26 Stockholm, Sweden","phone_number":"08-121 472 24","location":{"lat":59.3141587,"lng":18.0710614},"icon":"https://maps.gstatic.com/mapfiles/place_api/icons/restaurant-71.png","name":"Bun Meat Bun","price_level":2,"rating":4.3,"google_maps_url":"https://maps.google.com/?cid=6434627606158070983","website":"http://www.bunmeatbun.se/","photo":"https://cdn.pixabay.com/photo/2017/01/26/02/06/platter-2009590_1280.jpg","id":10,"__v":0},
    {"_id":{"$oid":"5c8264790ba555001448f45a"},"opening_hours":["Monday: 11:00 AM – 8:00 PM","Tuesday: 11:00 AM – 8:00 PM","Wednesday: 11:00 AM – 8:00 PM","Thursday: 11:00 AM – 8:00 PM","Friday: 11:00 AM – 8:00 PM","Saturday: 11:30 AM – 6:00 PM","Sunday: Closed"],"address":"Ringvägen 123, 116 61 Stockholm, Sweden","phone_number":"08-408 111 69","location":{"lat":59.3080448,"lng":18.0769318},"icon":"https://maps.gstatic.com/mapfiles/place_api/icons/restaurant-71.png","name":"Shaka Shaka","rating":4.2,"google_maps_url":"https://maps.google.com/?cid=1439976408853645661","website":"http://www.shakashaka.se/","photo":"https://cdn.pixabay.com/photo/2017/08/30/17/25/restaurant-2697945_1280.jpg","id":11,"__v":0},
    {"_id":{"$oid":"5c8264790ba555001448f45b"},"opening_hours":["Monday: 10:00 AM – 9:00 PM","Tuesday: 10:00 AM – 9:00 PM","Wednesday: 10:00 AM – 9:00 PM","Thursday: 10:00 AM – 9:00 PM","Friday: 10:00 AM – 10:00 PM","Saturday: 12:00 – 10:00 PM","Sunday: Closed"],"address":"Ringvägen 145, 116 61 Stockholm, Sweden","phone_number":"08-640 58 01","location":{"lat":59.308961,"lng":18.0820416},"icon":"https://maps.gstatic.com/mapfiles/place_api/icons/restaurant-71.png","name":"Reggev Hummus","rating":4.6,"google_maps_url":"https://maps.google.com/?cid=7383572400238714388","website":"http://www.reggevhummus.se/","photo":"https://cdn.pixabay.com/photo/2017/08/30/17/25/restaurant-2697945_1280.jpg","id":12,"__v":0},
    {"_id":{"$oid":"5c8264790ba555001448f45c"},"opening_hours":["Monday: 11:00 AM – 11:00 PM","Tuesday: 11:00 AM – 11:00 PM","Wednesday: 11:00 AM – 11:00 PM","Thursday: 11:00 AM – 11:00 PM","Friday: 11:00 AM – 12:00 AM","Saturday: 1:00 PM – 12:00 AM","Sunday: 1:00 – 11:00 PM"],"address":"Hornsgatan 85, 117 26 Stockholm, Sweden","phone_number":"08-658 65 01","location":{"lat":59.31706109999999,"lng":18.0490723},"icon":"https://maps.gstatic.com/mapfiles/place_api/icons/restaurant-71.png","name":"Ellora","price_level":2,"rating":4.1,"google_maps_url":"https://maps.google.com/?cid=15020581083796985469","website":"http://www.ellora.nu/","photo":"https://cdn.pixabay.com/photo/2017/08/30/17/25/restaurant-2697945_1280.jpg","id":13,"__v":0},
    {"_id":{"$oid":"5c8264790ba555001448f45d"},"opening_hours":["Monday: Closed","Tuesday: 11:30 AM – 9:00 PM","Wednesday: 11:30 AM – 9:00 PM","Thursday: 11:30 AM – 9:00 PM","Friday: 11:30 AM – 9:00 PM","Saturday: 12:00 – 5:00 PM","Sunday: Closed"],"address":"Timmermansgatan 15, 118 25 Stockholm, Sweden","phone_number":"08-452 97 77","location":{"lat":59.3187691,"lng":18.0598774},"icon":"https://maps.gstatic.com/mapfiles/place_api/icons/restaurant-71.png","name":"MamaWolf","rating":4.5,"google_maps_url":"https://maps.google.com/?cid=2488565800507065300","website":"http://mamawolf.nu/","photo":"https://cdn.pixabay.com/photo/2016/11/18/22/21/architecture-1837150_1280.jpg","id":14,"__v":0},
    {"_id":{"$oid":"5c8264790ba555001448f45e"},"opening_hours":["Monday: 11:30 AM – 2:00 PM, 5:00 – 9:00 PM","Tuesday: 11:30 AM – 2:00 PM, 5:00 – 9:00 PM","Wednesday: 11:30 AM – 2:00 PM, 5:00 – 9:00 PM","Thursday: 11:30 AM – 2:00 PM, 5:00 – 9:00 PM","Friday: 11:30 AM – 2:00 PM, 5:00 – 10:00 PM","Saturday: 12:00 – 4:00 PM, 6:00 – 10:00 PM","Sunday: 12:00 – 6:00 PM"],"address":"Hornsgatan 66, 118 21 Stockholm, Sweden","phone_number":"08-643 77 76","location":{"lat":59.318622,"lng":18.0594741},"icon":"https://maps.gstatic.com/mapfiles/place_api/icons/restaurant-71.png","name":"Barobao","price_level":2,"rating":4.1,"google_maps_url":"https://maps.google.com/?cid=17075219553066823109","website":"http://www.barobao.com/","photo":"https://cdn.pixabay.com/photo/2018/07/14/15/27/cafe-3537801_1280.jpg","id":15,"__v":0},
    {"_id":{"$oid":"5c8264790ba555001448f45f"},"opening_hours":["Monday: 7:00 AM – 3:00 PM","Tuesday: 7:00 AM – 3:00 PM","Wednesday: 7:00 AM – 3:00 PM","Thursday: 7:00 AM – 3:00 PM","Friday: 7:00 AM – 3:00 PM","Saturday: 9:00 AM – 4:00 PM","Sunday: 9:00 AM – 4:00 PM"],"address":"Bondegatan 64, 116 29 Stockholm, Sweden","phone_number":"076-249 67 01","location":{"lat":59.31365759999999,"lng":18.0865138},"icon":"https://maps.gstatic.com/mapfiles/place_api/icons/cafe-71.png","name":"Café Pom \u0026 Flora","price_level":2,"rating":4.2,"google_maps_url":"https://maps.google.com/?cid=2735225504325079641","website":"http://pomochflora.se/","photo":"https://cdn.pixabay.com/photo/2016/11/18/22/21/architecture-1837150_1280.jpg","id":16,"__v":0},
    {"_id":{"$oid":"5c8264790ba555001448f460"},"opening_hours":["Monday: 11:00 AM – 3:00 PM","Tuesday: 11:00 AM – 3:00 PM","Wednesday: 11:00 AM – 3:00 PM","Thursday: 11:00 AM – 3:00 PM","Friday: 11:00 AM – 3:00 PM","Saturday: Closed","Sunday: Closed"],"address":"Wollmar Yxkullsgatan 3, 118 50 Stockholm, Sweden","phone_number":"08-640 81 47","location":{"lat":59.31686799999999,"lng":18.0647339},"icon":"https://maps.gstatic.com/mapfiles/place_api/icons/cafe-71.png","name":"Café En Halv Trappa Ner","price_level":2,"rating":4.4,"google_maps_url":"https://maps.google.com/?cid=7460859340783071549","website":"http://enhalvtrappaner.se/","photo":"https://cdn.pixabay.com/photo/2018/07/14/15/27/cafe-3537801_1280.jpg","id":17,"__v":0},
    {"_id":{"$oid":"5c8264790ba555001448f461"},"opening_hours":["Monday: 10:30 AM – 9:00 PM","Tuesday: 10:30 AM – 9:00 PM","Wednesday: 10:30 AM – 9:00 PM","Thursday: 10:30 AM – 9:00 PM","Friday: 10:30 AM – 9:00 PM","Saturday: 12:00 – 9:00 PM","Sunday: 12:00 – 9:00 PM"],"address":"Åsögatan 90, 118 29 Stockholm, Sweden","phone_number":"08-643 34 18","location":{"lat":59.312206,"lng":18.069166},"icon":"https://maps.gstatic.com/mapfiles/place_api/icons/restaurant-71.png","name":"Forno Söder","rating":3.8,"google_maps_url":"https://maps.google.com/?cid=890276347479752195","website":"http://www.fornosoder.com/","photo":"https://cdn.pixabay.com/photo/2015/03/26/10/07/restaurant-690975_1280.jpg","id":18,"__v":0},
    {"_id":{"$oid":"5c8264790ba555001448f462"},"opening_hours":["Monday: 11:00 AM – 2:00 PM","Tuesday: 11:00 AM – 2:00 PM","Wednesday: 11:00 AM – 2:00 PM","Thursday: 11:00 AM – 2:00 PM","Friday: 11:00 AM – 2:00 PM","Saturday: 12:00 – 3:00 PM","Sunday: 12:00 – 3:00 PM"],"address":"Sankt Eriksgatan 70, 113 20 Stockholm, Sweden","location":{"lat":59.33852690000001,"lng":18.0360656},"icon":"https://maps.gstatic.com/mapfiles/place_api/icons/restaurant-71.png","name":"Totemo Ramen","price_level":2,"rating":4.6,"google_maps_url":"https://maps.google.com/?cid=13272901681487613635","website":"https://www.totemoramen.com/","photo":"https://cdn.pixabay.com/photo/2017/01/26/02/06/platter-2009590_1280.jpg","id":19,"__v":0},
    {"_id":{"$oid":"5c8264790ba555001448f463"},"opening_hours":["Monday: 4:00 – 11:00 PM","Tuesday: 4:00 – 11:00 PM","Wednesday: 4:00 – 11:00 PM","Thursday: 11:30 AM – 11:00 PM","Friday: 11:30 AM – 12:00 AM","Saturday: 11:30 AM – 12:00 AM","Sunday: 11:30 AM – 10:00 PM"],"address":"Stora Nygatan 20, 111 27 Stockholm, Sweden","phone_number":"08-10 00 03","location":{"lat":59.324627,"lng":18.06847399999999},"icon":"https://maps.gstatic.com/mapfiles/place_api/icons/restaurant-71.png","name":"Barrels Burgers \u0026 Beer \"Gamla Stan\"","price_level":2,"rating":4.3,"google_maps_url":"https://maps.google.com/?cid=7336156922895695494","website":"http://www.barrels.se/","photo":"https://cdn.pixabay.com/photo/2016/11/18/15/53/breakfast-1835478_1280.jpg","id":20,"__v":0},
    {"_id":{"$oid":"5c8264790ba555001448f464"},"opening_hours":["Monday: 10:00 AM – 10:00 PM","Tuesday: 10:00 AM – 10:00 PM","Wednesday: 10:00 AM – 10:00 PM","Thursday: 10:00 AM – 10:00 PM","Friday: 10:00 AM – 10:00 PM","Saturday: 11:00 AM – 11:00 PM","Sunday: 11:30 AM – 8:30 PM"],"address":"Rosenlundsgatan 23, 118 63 Stockholm, Sweden","phone_number":"08-720 20 74","location":{"lat":59.3129271,"lng":18.0577669},"icon":"https://maps.gstatic.com/mapfiles/place_api/icons/restaurant-71.png","name":"Mormors Lilla Kök","rating":4.5,"google_maps_url":"https://maps.google.com/?cid=6009409046100183777","website":"http://mormorslillakok.se/meny.html","photo":"https://cdn.pixabay.com/photo/2017/08/30/17/25/restaurant-2697945_1280.jpg","id":21,"__v":0},
    {"_id":{"$oid":"5c8264790ba555001448f465"},"opening_hours":["Monday: 11:00 AM – 11:00 PM","Tuesday: 11:00 AM – 11:00 PM","Wednesday: 11:00 AM – 11:00 PM","Thursday: 11:00 AM – 11:00 PM","Friday: 11:00 AM – 11:00 PM","Saturday: 1:00 – 11:00 PM","Sunday: 1:00 – 11:00 PM"],"address":"Katarina Bangata 58, 116 39 Stockholm, Sweden","phone_number":"08-642 67 22","location":{"lat":59.3103758,"lng":18.083574},"icon":"https://maps.gstatic.com/mapfiles/place_api/icons/restaurant-71.png","name":"Shanti Classic","price_level":2,"rating":4.1,"google_maps_url":"https://maps.google.com/?cid=16755856123099675057","website":"http://www.shanti.se/","photo":"https://cdn.pixabay.com/photo/2018/07/14/15/27/cafe-3537801_1280.jpg","id":22,"__v":0},
    {"_id":{"$oid":"5c8264790ba555001448f466"},"opening_hours":["Monday: 11:00 AM – 8:00 PM","Tuesday: 11:00 AM – 8:00 PM","Wednesday: 11:00 AM – 8:00 PM","Thursday: 11:00 AM – 8:00 PM","Friday: 11:00 AM – 8:00 PM","Saturday: 11:00 AM – 5:00 PM","Sunday: Closed"],"address":"Rosenlundsgatan 20, 118 53 Stockholm, Sweden","phone_number":"073-517 54 44","location":{"lat":59.316768,"lng":18.055536},"icon":"https://maps.gstatic.com/mapfiles/place_api/icons/restaurant-71.png","name":"Brunos korvbar","rating":4.6,"google_maps_url":"https://maps.google.com/?cid=9969781641861200544","website":"http://www.ostermalmskorvspecialist.se/","photo":"https://cdn.pixabay.com/photo/2016/11/18/15/53/breakfast-1835478_1280.jpg","id":23,"__v":0},
    {"_id":{"$oid":"5c8264790ba555001448f467"},"opening_hours":["Monday: 10:00 AM – 7:00 PM","Tuesday: 10:00 AM – 7:00 PM","Wednesday: 10:00 AM – 7:00 PM","Thursday: 10:00 AM – 7:00 PM","Friday: 10:00 AM – 7:00 PM","Saturday: 11:00 AM – 7:00 PM","Sunday: 11:00 AM – 4:00 PM"],"address":"Mariatorget 2, 118 49 Stockholm, Sweden","phone_number":"08-551 531 51","location":{"lat":59.3186852,"lng":18.0618859},"icon":"https://maps.gstatic.com/mapfiles/place_api/icons/restaurant-71.png","name":"Kalf \u0026 Hansen","rating":4.4,"google_maps_url":"https://maps.google.com/?cid=17940254843426033449","website":"http://kalfochhansen.se/","photo":"https://cdn.pixabay.com/photo/2017/01/26/02/06/platter-2009590_1280.jpg","id":24,"__v":0},
    {"_id":{"$oid":"5c8264790ba555001448f468"},"opening_hours":["Monday: 11:00 AM – 10:00 PM","Tuesday: 11:00 AM – 10:00 PM","Wednesday: 11:00 AM – 10:00 PM","Thursday: 11:00 AM – 10:00 PM","Friday: 11:00 AM – 10:00 PM","Saturday: 1:00 – 10:00 PM","Sunday: 1:00 – 10:00 PM"],"address":"Ringvägen 87, 118 61 Stockholm, Sweden","phone_number":"08-642 02 02","location":{"lat":59.30840209999999,"lng":18.0662221},"icon":"https://maps.gstatic.com/mapfiles/place_api/icons/restaurant-71.png","name":"Holy Cow","price_level":2,"rating":4.1,"google_maps_url":"https://maps.google.com/?cid=14782652209210814272","website":"http://theholycow.se/","photo":"https://cdn.pixabay.com/photo/2017/01/26/02/06/platter-2009590_1280.jpg","id":25,"__v":0},
    {"_id":{"$oid":"5c8264790ba555001448f469"},"opening_hours":["Monday: 11:00 AM – 9:00 PM","Tuesday: 11:00 AM – 9:00 PM","Wednesday: 11:00 AM – 9:00 PM","Thursday: 11:00 AM – 9:00 PM","Friday: 11:00 AM – 10:00 PM","Saturday: 12:00 – 10:00 PM","Sunday: 12:00 – 4:00 PM"],"address":"Östgötagatan 12B, 116 25 Stockholm, Sweden","phone_number":"08-640 40 20","location":{"lat":59.31617370000001,"lng":18.0756392},"icon":"https://maps.gstatic.com/mapfiles/place_api/icons/restaurant-71.png","name":"La Neta","price_level":1,"rating":4.3,"google_maps_url":"https://maps.google.com/?cid=9588982674656615740","website":"http://laneta.se/","photo":"https://cdn.pixabay.com/photo/2017/08/30/17/25/restaurant-2697945_1280.jpg","id":26,"__v":0},
    {"_id":{"$oid":"5c8264790ba555001448f46a"},"opening_hours":["Monday: 11:00 AM – 11:00 PM","Tuesday: 11:00 AM – 11:00 PM","Wednesday: 11:00 AM – 11:00 PM","Thursday: 11:00 AM – 11:00 PM","Friday: 11:00 AM – 11:00 PM","Saturday: 1:00 – 11:00 PM","Sunday: 1:00 – 11:00 PM"],"address":"Södermalmsallén 34, 118 28 Stockholm, Sweden","phone_number":"08-643 97 00","location":{"lat":59.3133059,"lng":18.0681995},"icon":"https://maps.gstatic.com/mapfiles/place_api/icons/restaurant-71.png","name":"Shanti Softcorner","price_level":2,"rating":4,"google_maps_url":"https://maps.google.com/?cid=9225446101697408691","website":"http://www.shanti.se/","photo":"https://cdn.pixabay.com/photo/2015/03/26/10/07/restaurant-690975_1280.jpg","id":27,"__v":0},
    {"_id":{"$oid":"5c8264790ba555001448f46b"},"opening_hours":["Monday: 11:00 AM – 10:00 PM","Tuesday: 11:00 AM – 10:00 PM","Wednesday: 11:00 AM – 10:00 PM","Thursday: 11:00 AM – 10:00 PM","Friday: 11:00 AM – 11:00 PM","Saturday: 12:00 – 11:00 PM","Sunday: 12:00 – 9:00 PM"],"address":"Götgatan 78, 118 30 Stockholm, Sweden","phone_number":"08-660 60 65","location":{"lat":59.31204100000001,"lng":18.073975},"icon":"https://maps.gstatic.com/mapfiles/place_api/icons/restaurant-71.png","name":"Pong Skrapan","price_level":2,"rating":3.6,"google_maps_url":"https://maps.google.com/?cid=15934320466911166620","website":"http://www.pongskrapan.se/","photo":"https://cdn.pixabay.com/photo/2016/11/18/15/53/breakfast-1835478_1280.jpg","id":28,"__v":0},
    {"_id":{"$oid":"5c8264790ba555001448f46c"},"opening_hours":["Monday: 11:00 AM – 10:00 PM","Tuesday: 11:00 AM – 10:00 PM","Wednesday: 11:00 AM – 10:00 PM","Thursday: 11:00 AM – 10:00 PM","Friday: 11:00 AM – 10:00 PM","Saturday: 12:00 – 10:00 PM","Sunday: 12:00 – 9:00 PM"],"address":"Folkungagatan 122, 116 30 Stockholm, Sweden","phone_number":"08-640 48 48","location":{"lat":59.31543370000001,"lng":18.0862104},"icon":"https://maps.gstatic.com/mapfiles/place_api/icons/restaurant-71.png","name":"Prime Burger","price_level":2,"rating":4.1,"google_maps_url":"https://maps.google.com/?cid=221097734031189577","website":"http://www.primeburger.se/","photo":"https://cdn.pixabay.com/photo/2016/11/18/15/53/breakfast-1835478_1280.jpg","id":29,"__v":0},
    {"_id":{"$oid":"5c8264790ba555001448f46d"},"opening_hours":["Monday: Closed","Tuesday: 4:00 – 11:00 PM","Wednesday: 4:00 – 11:00 PM","Thursday: 4:00 PM – 12:00 AM","Friday: 4:00 PM – 1:00 AM","Saturday: 4:00 PM – 1:00 AM","Sunday: Closed"],"address":"Katarina Bangata 75, 116 42 Stockholm, Sweden","phone_number":"08-640 30 31","location":{"lat":59.308485,"lng":18.089605},"icon":"https://maps.gstatic.com/mapfiles/place_api/icons/restaurant-71.png","name":"Babajan Bar","price_level":2,"rating":4.2,"google_maps_url":"https://maps.google.com/?cid=9467653491166069843","website":"http://www.babajan.com/","photo":"https://cdn.pixabay.com/photo/2018/07/14/15/27/cafe-3537801_1280.jpg","id":30,"__v":0},
    {"_id":{"$oid":"5c8264790ba555001448f46e"},"opening_hours":["Monday: 11:00 AM – 8:30 PM","Tuesday: 11:00 AM – 8:30 PM","Wednesday: 11:00 AM – 8:30 PM","Thursday: 11:00 AM – 8:30 PM","Friday: 11:00 AM – 8:30 PM","Saturday: 12:00 – 8:30 PM","Sunday: 12:00 – 7:30 PM"],"address":"Ringvägen 127, 116 61 Stockholm, Sweden","phone_number":"08-462 96 29","location":{"lat":59.30816219999999,"lng":18.0777885},"icon":"https://maps.gstatic.com/mapfiles/place_api/icons/restaurant-71.png","name":"Falloumi","price_level":2,"rating":4.5,"google_maps_url":"https://maps.google.com/?cid=5352016985711328172","website":"http://falloumi.se/","photo":"https://cdn.pixabay.com/photo/2015/03/26/10/07/restaurant-690975_1280.jpg","id":31,"__v":0},
    {"_id":{"$oid":"5c8264790ba555001448f46f"},"opening_hours":["Monday: 11:30 AM – 2:30 PM, 5:00 – 9:00 PM","Tuesday: 11:30 AM – 2:30 PM, 5:00 – 9:00 PM","Wednesday: 11:30 AM – 2:30 PM, 5:00 – 9:00 PM","Thursday: 11:30 AM – 2:30 PM, 5:00 – 9:00 PM","Friday: 11:30 AM – 2:30 PM, 5:00 – 10:00 PM","Saturday: 12:00 – 10:00 PM","Sunday: 12:00 – 9:00 PM"],"address":"Erstagatan 22, 116 36 Stockholm, Sweden","phone_number":"08-643 71 80","location":{"lat":59.31437880000001,"lng":18.08994},"icon":"https://maps.gstatic.com/mapfiles/place_api/icons/restaurant-71.png","name":"Ai Ramen Sofia","price_level":2,"rating":4,"google_maps_url":"https://maps.google.com/?cid=766270747300605650","website":"https://www.airamen.se/","photo":"https://cdn.pixabay.com/photo/2017/08/30/17/25/restaurant-2697945_1280.jpg","id":32,"__v":0},
    {"_id":{"$oid":"5c8264790ba555001448f470"},"opening_hours":["Monday: 11:00 AM – 11:00 PM","Tuesday: 11:00 AM – 11:00 PM","Wednesday: 11:00 AM – 11:00 PM","Thursday: 11:00 AM – 11:00 PM","Friday: 11:00 AM – 11:00 PM","Saturday: 12:00 – 11:00 PM","Sunday: 12:00 – 11:00 PM"],"address":"Folkungagatan 76, 116 22 Stockholm, Sweden","phone_number":"08-442 03 60","location":{"lat":59.3147217,"lng":18.0784403},"icon":"https://maps.gstatic.com/mapfiles/place_api/icons/restaurant-71.png","name":"Amida kolgrill","rating":4.4,"google_maps_url":"https://maps.google.com/?cid=12752499162373850700","website":"http://amida.se/","photo":"https://cdn.pixabay.com/photo/2016/11/18/15/53/breakfast-1835478_1280.jpg","id":33,"__v":0},
    {"_id":{"$oid":"5c8264790ba555001448f471"},"opening_hours":["Monday: 11:00 AM – 4:00 PM","Tuesday: 11:00 AM – 4:00 PM","Wednesday: 11:00 AM – 11:30 PM","Thursday: 11:00 AM – 11:30 PM","Friday: 11:00 AM – 11:30 PM","Saturday: 1:00 – 11:30 PM","Sunday: Closed"],"address":"Ingenjörsvägen 8, 117 59 Stockholm, Sweden","phone_number":"08-756 71 11","location":{"lat":59.306397,"lng":18.02563},"icon":"https://maps.gstatic.com/mapfiles/place_api/icons/restaurant-71.png","name":"Chicha 08","price_level":2,"rating":4.4,"google_maps_url":"https://maps.google.com/?cid=3360861809031715183","website":"http://www.chicha08.se/","photo":"https://cdn.pixabay.com/photo/2017/08/30/17/25/restaurant-2697945_1280.jpg","id":34,"__v":0},
    {"_id":{"$oid":"5c8264790ba555001448f472"},"opening_hours":["Monday: 11:00 AM – 11:00 PM","Tuesday: 11:00 AM – 11:00 PM","Wednesday: 11:00 AM – 11:00 PM","Thursday: 11:00 AM – 11:00 PM","Friday: 11:00 AM – 12:00 AM","Saturday: 1:00 PM – 12:00 AM","Sunday: 1:00 – 10:00 PM"],"address":"Västgötagatan 18, 118 27 Stockholm, Sweden","phone_number":"08-640 74 30","location":{"lat":59.31225869999999,"lng":18.0714399},"icon":"https://maps.gstatic.com/mapfiles/place_api/icons/restaurant-71.png","name":"Indian Garden","price_level":2,"rating":4,"google_maps_url":"https://maps.google.com/?cid=11847970973156317280","website":"http://www.indiangarden.nu/","photo":"https://cdn.pixabay.com/photo/2017/08/30/17/25/restaurant-2697945_1280.jpg","id":35,"__v":0},
    {"_id":{"$oid":"5c8264790ba555001448f473"},"opening_hours":["Monday: 11:00 AM – 9:00 PM","Tuesday: 11:00 AM – 9:00 PM","Wednesday: 11:00 AM – 9:00 PM","Thursday: 11:00 AM – 9:00 PM","Friday: 11:00 AM – 10:00 PM","Saturday: 11:00 AM – 10:00 PM","Sunday: 11:00 AM – 8:00 PM"],"address":"Götgatan 100, 118 62 Stockholm, Sweden","phone_number":"08-696 30 31","location":{"lat":59.3080587,"lng":18.0756869},"icon":"https://maps.gstatic.com/mapfiles/place_api/icons/restaurant-71.png","name":"Teatern, Ringen Skanstull","price_level":2,"rating":4.2,"google_maps_url":"https://maps.google.com/?cid=5613009277699620492","website":"http://ringencentrum.se/teatern/","photo":"https://cdn.pixabay.com/photo/2016/11/18/22/21/architecture-1837150_1280.jpg","id":36,"__v":0},
    {"_id":{"$oid":"5c8264790ba555001448f474"},"opening_hours":["Monday: Closed","Tuesday: 11:00 AM – 10:00 PM","Wednesday: 11:00 AM – 10:00 PM","Thursday: 11:00 AM – 11:00 PM","Friday: 11:00 AM – 11:00 PM","Saturday: 11:00 AM – 11:00 PM","Sunday: Closed"],"address":"Katarina Bangata 21, 116 39 Stockholm, Sweden","phone_number":"070-467 91 01","location":{"lat":59.3120284,"lng":18.0765612},"icon":"https://maps.gstatic.com/mapfiles/place_api/icons/restaurant-71.png","name":"Whitmans Deli","rating":4.5,"google_maps_url":"https://maps.google.com/?cid=18261792018877078888","photo":"https://cdn.pixabay.com/photo/2018/07/14/15/27/cafe-3537801_1280.jpg","id":37,"__v":0},
    {"_id":{"$oid":"5c8264790ba555001448f475"},"opening_hours":["Monday: 10:00 AM – 9:00 PM","Tuesday: 10:00 AM – 9:00 PM","Wednesday: 10:00 AM – 9:00 PM","Thursday: 10:00 AM – 9:00 PM","Friday: 10:00 AM – 9:00 PM","Saturday: 10:00 AM – 9:00 PM","Sunday: 12:00 – 8:00 PM"],"address":"Medborgarplatsen 3, 118 26 Stockholm, Sweden","phone_number":"08-615 06 10","location":{"lat":59.31475,"lng":18.071071},"icon":"https://maps.gstatic.com/mapfiles/place_api/icons/restaurant-71.png","name":"Berliner Kebab","rating":4.1,"google_maps_url":"https://maps.google.com/?cid=5683084237566957319","website":"http://berlinerkebab.se/","photo":"https://cdn.pixabay.com/photo/2018/07/14/15/27/cafe-3537801_1280.jpg","id":38,"__v":0},
    {"_id":{"$oid":"5c8264790ba555001448f476"},"opening_hours":[],"address":"Hornsgatan 156, 117 28 Stockholm, Sweden","phone_number":"073-918 05 78","location":{"lat":59.31575509999999,"lng":18.0366056},"icon":"https://maps.gstatic.com/mapfiles/place_api/icons/shopping-71.png","name":"King Scoopa ice cream","rating":4.8,"google_maps_url":"https://maps.google.com/?cid=2087597372091676034","website":"http://kingscoopa.com/","photo":"https://cdn.pixabay.com/photo/2018/07/14/15/27/cafe-3537801_1280.jpg","id":39,"__v":0},
    {"_id":{"$oid":"5c8264790ba555001448f477"},"opening_hours":["Monday: 10:00 AM – 8:00 PM","Tuesday: 10:00 AM – 8:00 PM","Wednesday: 10:00 AM – 8:00 PM","Thursday: 10:00 AM – 8:00 PM","Friday: 10:00 AM – 8:00 PM","Saturday: 11:30 AM – 8:00 PM","Sunday: 11:30 AM – 8:00 PM"],"address":"Södermannagatan 37, 116 40 Stockholm, Sweden","phone_number":"073-073 25 25","location":{"lat":59.3102522,"lng":18.082371},"icon":"https://maps.gstatic.com/mapfiles/place_api/icons/restaurant-71.png","name":"Fang Yuan Shi Wu","price_level":1,"rating":4.5,"google_maps_url":"https://maps.google.com/?cid=4554040403928987349","website":"https://facebook.com/FangYuanShiWu","photo":"https://cdn.pixabay.com/photo/2016/11/18/22/21/architecture-1837150_1280.jpg","id":40,"__v":0},
    {"_id":{"$oid":"5c8264790ba555001448f478"},"opening_hours":["Monday: 11:00 AM – 2:30 PM, 3:30 – 9:00 PM","Tuesday: 11:00 AM – 2:30 PM, 3:30 – 9:00 PM","Wednesday: 11:00 AM – 2:30 PM, 3:30 – 9:00 PM","Thursday: 11:00 AM – 2:30 PM, 3:30 – 9:00 PM","Friday: 11:00 AM – 2:30 PM, 3:30 – 9:00 PM","Saturday: 4:00 – 9:00 PM","Sunday: Closed"],"address":"Hornsgatan 85, 117 26 Stockholm, Sweden","phone_number":"08-669 18 00","location":{"lat":59.3170898,"lng":18.0492598},"icon":"https://maps.gstatic.com/mapfiles/place_api/icons/restaurant-71.png","name":"Thongwiset","rating":4.5,"google_maps_url":"https://maps.google.com/?cid=7015326825726021253","website":"http://thongwiset.se/","photo":"https://cdn.pixabay.com/photo/2016/11/18/15/53/breakfast-1835478_1280.jpg","id":41,"__v":0},
    {"_id":{"$oid":"5c8264790ba555001448f479"},"opening_hours":["Monday: 11:30 AM – 2:00 PM, 5:00 PM – 12:00 AM","Tuesday: 11:30 AM – 2:00 PM, 5:00 PM – 12:00 AM","Wednesday: 11:30 AM – 2:00 PM, 5:00 PM – 1:00 AM","Thursday: 11:30 AM – 2:00 PM, 5:00 PM – 1:00 AM","Friday: 11:30 AM – 2:00 PM, 5:00 PM – 1:00 AM","Saturday: 11:30 AM – 4:30 PM, 5:00 PM – 1:00 AM","Sunday: 4:00 – 10:00 PM"],"address":"Götgatan 36, 116 21 Stockholm, Sweden","phone_number":"08-640 75 65","location":{"lat":59.3168295,"lng":18.0718668},"icon":"https://maps.gstatic.com/mapfiles/place_api/icons/restaurant-71.png","name":"Ljunggren i Brunogallerian","price_level":2,"rating":3.9,"google_maps_url":"https://maps.google.com/?cid=10070458023275207978","website":"http://www.restaurangljunggren.se/","photo":"https://cdn.pixabay.com/photo/2016/11/18/22/21/architecture-1837150_1280.jpg","id":42,"__v":0},
    {"_id":{"$oid":"5c8264790ba555001448f47a"},"opening_hours":["Monday: 11:00 AM – 9:30 PM","Tuesday: 11:00 AM – 10:00 PM","Wednesday: 11:00 AM – 10:00 PM","Thursday: 11:00 AM – 10:00 PM","Friday: 11:00 AM – 10:00 PM","Saturday: 12:00 – 10:00 PM","Sunday: 12:00 – 10:00 PM"],"address":"Skånegatan 71, 116 37 Stockholm, Sweden","phone_number":"08-640 69 01","location":{"lat":59.312549,"lng":18.0811341},"icon":"https://maps.gstatic.com/mapfiles/place_api/icons/restaurant-71.png","name":"Shanti gossip","price_level":2,"rating":4.3,"google_maps_url":"https://maps.google.com/?cid=18392176395529289320","website":"http://shanti.se/gossip","photo":"https://cdn.pixabay.com/photo/2015/03/26/10/07/restaurant-690975_1280.jpg","id":43,"__v":0}
]